risk_category,n_responses,mean_nps,promoter_rate,detractor_rate,net_promoter_score,pct_locked_after_paying,pct_payment_delay
Low,1748,7.141304347826087,0.44279176201373,0.33009153318077805,11.270022883295194,0.12128146453089245,0.15675057208237986
Closed,821,7.120584652862363,0.46041412911084045,0.3264311814859927,13.398294762484774,0.16930572472594396,0.18635809987819732
High,260,7.115384615384615,0.5038461538461538,0.3269230769230769,17.69230769230769,0.15,0.2
Medium,444,7.006756756756757,0.45495495495495497,0.35135135135135137,10.36036036036036,0.16441441441441443,0.19144144144144143
Returned,37,6.108108108108108,0.35135135135135137,0.43243243243243246,-8.108108108108109,0.05405405405405406,0.10810810810810811
Critical,675,5.183703703703704,0.30666666666666664,0.5437037037037037,-23.703703703703706,0.1451851851851852,0.22518518518518518
